HTTP Request,View all orders,View all orders based on specific date,View all orders placed by a specific customer,Accept Order details,Modify Order,Cancel Order
URL->,http://localhost:3002/orders, http://localhost:3002/orders/601, http://localhost:3002/orders/602, http://localhost:3002/orders?orderDate=06-25-2022, http://localhost:3002/orders/604, http://localhost:3002/orders
METHOD ,GET,DELETE,PUT,GET,GET,GET
"Request Body 		",

,

,{
    "id": 602,
    "orderDate": "06-24-2022",
    "items": [
        {
            "itemName": "Potato Wedges",
            "price": 59.99
        },
        {
            "itemName": "Cheese Burst Pizza",
            "price": 60
        },
        {
            "itemName": "Oreo Monster Shake",
            "price": 9.78
        }
    ],
    "customer": {
        "name": "Paul",
        "email": "Paul@gmail.com",
        "phoneNumber": "+11526789543",
        "address": {
            "streetName": "Buena Vista Drive",
            "streetNo": "A-498",
            "postalCode": "32830"
        }
    }
},

,

,

"Content Type	",application/json,application/json,application/json,application/json,application/json,application/json
Body-> ,

,

,{
    "id": 602,
    "orderDate": "06-24-2022",
    "items": [
        {
            "itemName": "Potato Wedges",
            "price": 59.99
        },
        {
            "itemName": "Cheese Burst Pizza",
            "price": 60
        },
        {
            "itemName": "Oreo Monster Shake",
            "price": 9.78
        }
    ],
    "customer": {
        "name": "Paul",
        "email": "Paul@gmail.com",
        "phoneNumber": "+11526789543",
        "address": {
            "streetName": "Buena Vista Drive",
            "streetNo": "A-498",
            "postalCode": "32830"
        }
    }
},
,
,
,,,,,,
HTTP Response ,[
    {
        "id": 601,
        "orderDate": "06-22-2022",
        "items": [
            {
                "itemName": "Berry Blast",
                "price": 1.72
            },
            {
                "itemName": "Emilgrana & Mushroom Dip",
                "price": 41.4
            }
        ],
        "customer": {
            "name": "Mary",
            "email": "mary@gmail.com",
            "phoneNumber": "+11524449876",
            "address": {
                "streetName": "Scottsdale Kierland",
                "streetNo": "100",
                "postalCode": "85254"
            }
        }
    },
    {
        "id": 602,
        "orderDate": "06-24-2022",
        "items": [
            {
                "itemName": "Potato Wedges",
                "price": 42.99
            },
            {
                "itemName": "Cheese Burst Pizza",
                "price": 50
            },
            {
                "itemName": "Oreo Monster Shake",
                "price": 3.78
            }
        ],
        "customer": {
            "name": "Paul",
            "email": "Paul@gmail.com",
            "phoneNumber": "+11526789543",
            "address": {
                "streetName": "Buena Vista Drive",
                "streetNo": "A-498",
                "postalCode": "32830"
            }
        }
    },
    {
        "id": 603,
        "orderDate": "06-25-2022",
        "items": [
            {
                "itemName": "Mexican Delight Pizza",
                "price": 68
            }
        ],
        "customer": {
            "name": "Jennifer",
            "email": "Jennifer@yahoo.com",
            "phoneNumber": "+11525432178",
            "address": {
                "streetName": "Beachwalk",
                "streetNo": "902",
                "postalCode": "96815"
            }
        }
    },
    {
        "id": 604,
        "orderDate": "06-27-2022",
        "items": [
            {
                "itemName": "Berry Blast",
                "price": 1.72
            },
            {
                "itemName": "Garlic Bread Mozzarella",
                "price": 45.99
            },
            {
                "itemName": "Risotto Con Funghi Veg",
                "price": 75
            }
        ],
        "customer": {
            "name": "Mary",
            "email": "mary@gmail.com",
            "phoneNumber": "+11524449876",
            "address": {
                "streetName": "Scottsdale Kierland",
                "streetNo": "100",
                "postalCode": "85254"
            }
        }
    },
    {
        "id": 605,
        "orderDate": "06-29-2022",
        "items": [
            {
                "itemName": " Combo of 2 Veg Pizzas",
                "price": 80
            }
        ],
        "customer": {
            "name": "David",
            "email": "david@gmail.com",
            "phoneNumber": "+11527896543",
            "address": {
                "streetName": "Court Street",
                "streetNo": "123",
                "postalCode": "2617"
            }
        }
    }
],
{},
{
    "id": 602,
    "orderDate": "06-24-2022",
    "items": [
        {
            "itemName": "Potato Wedges",
            "price": 59.99
        },
        {
            "itemName": "Cheese Burst Pizza",
            "price": 60
        },
        {
            "itemName": "Oreo Monster Shake",
            "price": 9.78
        }
    ],
    "customer": {
        "name": "Paul",
        "email": "Paul@gmail.com",
        "phoneNumber": "+11526789543",
        "address": {
            "streetName": "Buena Vista Drive",
            "streetNo": "A-498",
            "postalCode": "32830"
        }
    }
},
{
    "id": 603,
    "orderDate": "06-25-2022",
    "items": [
        {
            "itemName": "Mexican Delight Pizza",
            "price": 68
        }
    ],
    "customer": {
        "name": "Jennifer",
        "email": "Jennifer@yahoo.com",
        "phoneNumber": "+11525432178",
        "address": {
            "streetName": "Beachwalk",
            "streetNo": "902",
            "postalCode": "96815"
        }
    }
},
{
      "id": 604,
      "orderDate": "06-27-2022",
      "items": [
        {
          "itemName": "Berry Blast",
          "price": 1.72
        },
        {
          "itemName": "Garlic Bread Mozzarella",
          "price": 45.99
        },
        {
          "itemName": "Risotto Con Funghi Veg",
          "price": 75
        }
      ],
      "customer": {
        "name": "Mary",
        "email": "mary@gmail.com",
        "phoneNumber": "+11524449876",
        "address": {
          "streetName": "Scottsdale Kierland",
          "streetNo": "100",
          "postalCode": "85254"
        }
      }
},[
    {
        "id": 602,
        "orderDate": "06-24-2022",
        "items": [
            {
                "itemName": "Potato Wedges",
                "price": 59.99
            },
            {
                "itemName": "Cheese Burst Pizza",
                "price": 60
            },
            {
                "itemName": "Oreo Monster Shake",
                "price": 9.78
            }
        ],
        "customer": {
            "name": "Paul",
            "email": "Paul@gmail.com",
            "phoneNumber": "+11526789543",
            "address": {
                "streetName": "Buena Vista Drive",
                "streetNo": "A-498",
                "postalCode": "32830"
            }
        }
    },
    {
        "id": 603,
        "orderDate": "06-25-2022",
        "items": [
            {
                "itemName": "Mexican Delight Pizza",
                "price": 68
            }
        ],
        "customer": {
            "name": "Jennifer",
            "email": "Jennifer@yahoo.com",
            "phoneNumber": "+11525432178",
            "address": {
                "streetName": "Beachwalk",
                "streetNo": "902",
                "postalCode": "96815"
            }
        }
    },
    {
        "id": 604,
        "orderDate": "06-27-2022",
        "items": [
            {
                "itemName": "Berry Blast",
                "price": 1.72
            },
            {
                "itemName": "Garlic Bread Mozzarella",
                "price": 45.99
            },
            {
                "itemName": "Risotto Con Funghi Veg",
                "price": 75
            }
        ],
        "customer": {
            "name": "Mary",
            "email": "mary@gmail.com",
            "phoneNumber": "+11524449876",
            "address": {
                "streetName": "Scottsdale Kierland",
                "streetNo": "100",
                "postalCode": "85254"
            }
        }
    },
    {
        "id": 605,
        "orderDate": "06-29-2022",
        "items": [
            {
                "itemName": " Combo of 2 Veg Pizzas",
                "price": 80
            }
        ],
        "customer": {
            "name": "David",
            "email": "david@gmail.com",
            "phoneNumber": "+11527896543",
            "address": {
                "streetName": "Court Street",
                "streetNo": "123",
                "postalCode": "2617"
            }
        }
    }
]
Status Code ,200,200,200,200,200,200
Status Message ,OK,OK,OK,OK,OK,OK
Body->,[
    {
        "id": 601,
        "orderDate": "06-22-2022",
        "items": [
            {
                "itemName": "Berry Blast",
                "price": 1.72
            },
            {
                "itemName": "Emilgrana & Mushroom Dip",
                "price": 41.4
            }
        ],
        "customer": {
            "name": "Mary",
            "email": "mary@gmail.com",
            "phoneNumber": "+11524449876",
            "address": {
                "streetName": "Scottsdale Kierland",
                "streetNo": "100",
                "postalCode": "85254"
            }
        }
    },
    {
        "id": 602,
        "orderDate": "06-24-2022",
        "items": [
            {
                "itemName": "Potato Wedges",
                "price": 42.99
            },
            {
                "itemName": "Cheese Burst Pizza",
                "price": 50
            },
            {
                "itemName": "Oreo Monster Shake",
                "price": 3.78
            }
        ],
        "customer": {
            "name": "Paul",
            "email": "Paul@gmail.com",
            "phoneNumber": "+11526789543",
            "address": {
                "streetName": "Buena Vista Drive",
                "streetNo": "A-498",
                "postalCode": "32830"
            }
        }
    },
    {
        "id": 603,
        "orderDate": "06-25-2022",
        "items": [
            {
                "itemName": "Mexican Delight Pizza",
                "price": 68
            }
        ],
        "customer": {
            "name": "Jennifer",
            "email": "Jennifer@yahoo.com",
            "phoneNumber": "+11525432178",
            "address": {
                "streetName": "Beachwalk",
                "streetNo": "902",
                "postalCode": "96815"
            }
        }
    },
    {
        "id": 604,
        "orderDate": "06-27-2022",
        "items": [
            {
                "itemName": "Berry Blast",
                "price": 1.72
            },
            {
                "itemName": "Garlic Bread Mozzarella",
                "price": 45.99
            },
            {
                "itemName": "Risotto Con Funghi Veg",
                "price": 75
            }
        ],
        "customer": {
            "name": "Mary",
            "email": "mary@gmail.com",
            "phoneNumber": "+11524449876",
            "address": {
                "streetName": "Scottsdale Kierland",
                "streetNo": "100",
                "postalCode": "85254"
            }
        }
    },
    {
        "id": 605,
        "orderDate": "06-29-2022",
        "items": [
            {
                "itemName": " Combo of 2 Veg Pizzas",
                "price": 80
            }
        ],
        "customer": {
            "name": "David",
            "email": "david@gmail.com",
            "phoneNumber": "+11527896543",
            "address": {
                "streetName": "Court Street",
                "streetNo": "123",
                "postalCode": "2617"
            }
        }
    }
],
{},
{
    "id": 602,
    "orderDate": "06-24-2022",
    "items": [
        {
            "itemName": "Potato Wedges",
            "price": 59.99
        },
        {
            "itemName": "Cheese Burst Pizza",
            "price": 60
        },
        {
            "itemName": "Oreo Monster Shake",
            "price": 9.78
        }
    ],
    "customer": {
        "name": "Paul",
        "email": "Paul@gmail.com",
        "phoneNumber": "+11526789543",
        "address": {
            "streetName": "Buena Vista Drive",
            "streetNo": "A-498",
            "postalCode": "32830"
        }
    }
},
{
      "id": 603,
      "orderDate": "06-25-2022",
      "items": [
        {
          "itemName": "Mexican Delight Pizza",
          "price": 68
        }
      ],
      "customer": {
        "name": "Jennifer",
        "email": "Jennifer@yahoo.com",
        "phoneNumber": "+11525432178",
        "address": {
          "streetName": "Beachwalk",
          "streetNo": "902",
          "postalCode": "96815"
        }
      }
},
{
      "id": 604,
      "orderDate": "06-27-2022",
      "items": [
        {
          "itemName": "Berry Blast",
          "price": 1.72
        },
        {
          "itemName": "Garlic Bread Mozzarella",
          "price": 45.99
        },
        {
          "itemName": "Risotto Con Funghi Veg",
          "price": 75
        }
      ],
      "customer": {
        "name": "Mary",
        "email": "mary@gmail.com",
        "phoneNumber": "+11524449876",
        "address": {
          "streetName": "Scottsdale Kierland",
          "streetNo": "100",
          "postalCode": "85254"
        }
      }
},
[
    {
        "id": 602,
        "orderDate": "06-24-2022",
        "items": [
            {
                "itemName": "Potato Wedges",
                "price": 59.99
            },
            {
                "itemName": "Cheese Burst Pizza",
                "price": 60
            },
            {
                "itemName": "Oreo Monster Shake",
                "price": 9.78
            }
        ],
        "customer": {
            "name": "Paul",
            "email": "Paul@gmail.com",
            "phoneNumber": "+11526789543",
            "address": {
                "streetName": "Buena Vista Drive",
                "streetNo": "A-498",
                "postalCode": "32830"
            }
        }
    },
    {
        "id": 603,
        "orderDate": "06-25-2022",
        "items": [
            {
                "itemName": "Mexican Delight Pizza",
                "price": 68
            }
        ],
        "customer": {
            "name": "Jennifer",
            "email": "Jennifer@yahoo.com",
            "phoneNumber": "+11525432178",
            "address": {
                "streetName": "Beachwalk",
                "streetNo": "902",
                "postalCode": "96815"
            }
        }
    },
    {
        "id": 604,
        "orderDate": "06-27-2022",
        "items": [
            {
                "itemName": "Berry Blast",
                "price": 1.72
            },
            {
                "itemName": "Garlic Bread Mozzarella",
                "price": 45.99
            },
            {
                "itemName": "Risotto Con Funghi Veg",
                "price": 75
            }
        ],
        "customer": {
            "name": "Mary",
            "email": "mary@gmail.com",
            "phoneNumber": "+11524449876",
            "address": {
                "streetName": "Scottsdale Kierland",
                "streetNo": "100",
                "postalCode": "85254"
            }
        }
    },
    {
        "id": 605,
        "orderDate": "06-29-2022",
        "items": [
            {
                "itemName": " Combo of 2 Veg Pizzas",
                "price": 80
            }
        ],
        "customer": {
            "name": "David",
            "email": "david@gmail.com",
            "phoneNumber": "+11527896543",
            "address": {
                "streetName": "Court Street",
                "streetNo": "123",
                "postalCode": "2617"
            }
        }
    }
]
